{
    "epoch": [
        1,
        2,
        3,
        4,
        5,
        6,
        7,
        8,
        9,
        10,
        11,
        12,
        13,
        14,
        15,
        16,
        17
    ],
    "train_loss": [
        1.5927068893432617,
        0.7680172281265258,
        0.5284016770839691,
        0.3900626772403717,
        0.30097621021270754,
        0.2510050456047058,
        0.22129323172569276,
        0.17388239974081515,
        0.1393847469329834,
        0.1082374571800232,
        0.10411382074356079,
        0.12143450093269348,
        0.09368453817367554,
        0.08530694484710694,
        0.06928911323547363,
        0.07300140297412873,
        0.06858198877573013
    ],
    "train_accuracy": [
        52.76,
        74.08,
        81.8,
        86.34,
        89.8,
        91.58,
        92.56,
        94.28,
        95.72,
        96.58,
        96.68,
        96.08,
        96.92,
        97.34,
        97.78,
        97.58,
        97.58
    ],
    "test_loss": [
        1.0529730468988419,
        0.7844951152801514,
        0.6347389183938503,
        0.5662055052816868,
        0.537243478000164,
        0.5028144791722298,
        0.4872874729335308,
        0.5105620548129082,
        0.4239838570356369,
        0.4224276430904865,
        0.45676814392209053,
        0.44950731471180916,
        0.454300869256258,
        0.4398611970245838,
        0.48137254267930984,
        0.4961552433669567,
        0.47866614535450935
    ],
    "test_accuracy": [
        64.0,
        73.3,
        78.9,
        79.9,
        80.7,
        82.6,
        83.3,
        84.0,
        85.8,
        86.6,
        85.9,
        87.4,
        87.8,
        87.5,
        87.1,
        87.5,
        86.9
    ],
    "epoch_time": [
        7.336754083633423,
        6.478458642959595,
        6.288141250610352,
        6.534555912017822,
        6.6418068408966064,
        7.174259185791016,
        7.2314488887786865,
        7.5123395919799805,
        7.1599438190460205,
        7.0227391719818115,
        6.680371046066284,
        7.11237359046936,
        6.724515676498413,
        7.092133045196533,
        6.692271947860718,
        7.09473180770874,
        7.353400945663452
    ],
    "lr": [
        0.00020003300854270958,
        0.0002001320332628686,
        0.00020029707143659307,
        0.00020052811852415853,
        0.0002008251681701245,
        0.00020118821220351055,
        0.00020161724063802195,
        0.00020211224167232273,
        0.00020267320169036016,
        0.0002033001052617403,
        0.000203992935142153,
        0.00020475167227384204,
        0.00020557629578613762,
        0.0002064667829960211,
        0.00020742310940875548,
        0.00020844524871855598,
        0.00020953317280931593
    ]
}